branch_id,branch_name,ingredient,forecast_month,forecast_qty,model_method,history_points
SUC001,Ciudad de México Centro,Aceite,2026-01,7.47,exp_smoothing,11
SUC001,Ciudad de México Centro,Aceite,2026-02,4.63,exp_smoothing,11
SUC001,Ciudad de México Centro,Aceite,2026-03,1.78,exp_smoothing,11
SUC001,Ciudad de México Centro,Aceite,2026-04,0.0,exp_smoothing,11
SUC001,Ciudad de México Centro,Aceite,2026-05,0.0,exp_smoothing,11
SUC001,Ciudad de México Centro,Aceite,2026-06,0.0,exp_smoothing,11
SUC001,Ciudad de México Centro,Carne de Cerdo,2026-02,44.28,exp_smoothing,9
SUC001,Ciudad de México Centro,Carne de Cerdo,2026-03,48.44,exp_smoothing,9
SUC001,Ciudad de México Centro,Carne de Cerdo,2026-04,52.61,exp_smoothing,9
SUC001,Ciudad de México Centro,Carne de Cerdo,2026-05,56.78,exp_smoothing,9
SUC001,Ciudad de México Centro,Carne de Cerdo,2026-06,60.94,exp_smoothing,9
SUC001,Ciudad de México Centro,Carne de Cerdo,2026-07,65.11,exp_smoothing,9
SUC001,Ciudad de México Centro,Carne de Res,2026-02,33.75,exp_smoothing,11
SUC001,Ciudad de México Centro,Carne de Res,2026-03,35.45,exp_smoothing,11
SUC001,Ciudad de México Centro,Carne de Res,2026-04,37.15,exp_smoothing,11
SUC001,Ciudad de México Centro,Carne de Res,2026-05,38.85,exp_smoothing,11
SUC001,Ciudad de México Centro,Carne de Res,2026-06,40.55,exp_smoothing,11
SUC001,Ciudad de México Centro,Carne de Res,2026-07,42.25,exp_smoothing,11
SUC001,Ciudad de México Centro,Cerveza,2025-12,36.93,exp_smoothing,10
SUC001,Ciudad de México Centro,Cerveza,2026-01,38.85,exp_smoothing,10
SUC001,Ciudad de México Centro,Cerveza,2026-02,40.76,exp_smoothing,10
SUC001,Ciudad de México Centro,Cerveza,2026-03,42.68,exp_smoothing,10
SUC001,Ciudad de México Centro,Cerveza,2026-04,44.59,exp_smoothing,10
SUC001,Ciudad de México Centro,Cerveza,2026-05,46.51,exp_smoothing,10
SUC001,Ciudad de México Centro,Cilantro,2025-12,13.07,exp_smoothing,10
SUC001,Ciudad de México Centro,Cilantro,2026-01,14.08,exp_smoothing,10
SUC001,Ciudad de México Centro,Cilantro,2026-02,15.09,exp_smoothing,10
SUC001,Ciudad de México Centro,Cilantro,2026-03,16.1,exp_smoothing,10
SUC001,Ciudad de México Centro,Cilantro,2026-04,17.12,exp_smoothing,10
SUC001,Ciudad de México Centro,Cilantro,2026-05,18.13,exp_smoothing,10
SUC001,Ciudad de México Centro,Frijoles,2026-02,44.3,exp_smoothing,12
SUC001,Ciudad de México Centro,Frijoles,2026-03,44.47,exp_smoothing,12
SUC001,Ciudad de México Centro,Frijoles,2026-04,44.63,exp_smoothing,12
SUC001,Ciudad de México Centro,Frijoles,2026-05,44.79,exp_smoothing,12
SUC001,Ciudad de México Centro,Frijoles,2026-06,44.96,exp_smoothing,12
SUC001,Ciudad de México Centro,Frijoles,2026-07,45.12,exp_smoothing,12
SUC001,Ciudad de México Centro,Limón,2026-01,17.89,exp_smoothing,11
SUC001,Ciudad de México Centro,Limón,2026-02,15.79,exp_smoothing,11
SUC001,Ciudad de México Centro,Limón,2026-03,13.68,exp_smoothing,11
SUC001,Ciudad de México Centro,Limón,2026-04,11.57,exp_smoothing,11
SUC001,Ciudad de México Centro,Limón,2026-05,9.46,exp_smoothing,11
SUC001,Ciudad de México Centro,Limón,2026-06,7.35,exp_smoothing,11
SUC001,Ciudad de México Centro,Queso Fresco,2026-02,26.83,exp_smoothing,12
SUC001,Ciudad de México Centro,Queso Fresco,2026-03,27.1,exp_smoothing,12
SUC001,Ciudad de México Centro,Queso Fresco,2026-04,27.37,exp_smoothing,12
SUC001,Ciudad de México Centro,Queso Fresco,2026-05,27.64,exp_smoothing,12
SUC001,Ciudad de México Centro,Queso Fresco,2026-06,27.91,exp_smoothing,12
SUC001,Ciudad de México Centro,Queso Fresco,2026-07,28.18,exp_smoothing,12
SUC001,Ciudad de México Centro,Refrescos,2025-10,48.33,exp_smoothing,6
SUC001,Ciudad de México Centro,Refrescos,2025-11,49.05,exp_smoothing,6
SUC001,Ciudad de México Centro,Refrescos,2025-12,49.76,exp_smoothing,6
SUC001,Ciudad de México Centro,Refrescos,2026-01,50.48,exp_smoothing,6
SUC001,Ciudad de México Centro,Refrescos,2026-02,51.19,exp_smoothing,6
SUC001,Ciudad de México Centro,Refrescos,2026-03,51.91,exp_smoothing,6
SUC001,Ciudad de México Centro,Salsa Roja,2026-02,18.36,exp_smoothing,11
SUC001,Ciudad de México Centro,Salsa Roja,2026-03,16.0,exp_smoothing,11
SUC001,Ciudad de México Centro,Salsa Roja,2026-04,13.64,exp_smoothing,11
SUC001,Ciudad de México Centro,Salsa Roja,2026-05,11.27,exp_smoothing,11
SUC001,Ciudad de México Centro,Salsa Roja,2026-06,8.91,exp_smoothing,11
SUC001,Ciudad de México Centro,Salsa Roja,2026-07,6.55,exp_smoothing,11
SUC001,Ciudad de México Centro,Salsa Verde,2026-01,0.6,exp_smoothing,10
SUC001,Ciudad de México Centro,Salsa Verde,2026-02,0.0,exp_smoothing,10
SUC001,Ciudad de México Centro,Salsa Verde,2026-03,0.0,exp_smoothing,10
SUC001,Ciudad de México Centro,Salsa Verde,2026-04,0.0,exp_smoothing,10
SUC001,Ciudad de México Centro,Salsa Verde,2026-05,0.0,exp_smoothing,10
SUC001,Ciudad de México Centro,Salsa Verde,2026-06,0.0,exp_smoothing,10
SUC001,Ciudad de México Centro,Tequila,2026-02,25.93,exp_smoothing,10
SUC001,Ciudad de México Centro,Tequila,2026-03,24.25,exp_smoothing,10
SUC001,Ciudad de México Centro,Tequila,2026-04,22.56,exp_smoothing,10
SUC001,Ciudad de México Centro,Tequila,2026-05,20.87,exp_smoothing,10
SUC001,Ciudad de México Centro,Tequila,2026-06,19.19,exp_smoothing,10
SUC001,Ciudad de México Centro,Tequila,2026-07,17.5,exp_smoothing,10
SUC002,Ciudad de México Sur,Aceite,2026-02,33.09,exp_smoothing,11
SUC002,Ciudad de México Sur,Aceite,2026-03,34.5,exp_smoothing,11
SUC002,Ciudad de México Sur,Aceite,2026-04,35.91,exp_smoothing,11
SUC002,Ciudad de México Sur,Aceite,2026-05,37.32,exp_smoothing,11
SUC002,Ciudad de México Sur,Aceite,2026-06,38.73,exp_smoothing,11
SUC002,Ciudad de México Sur,Aceite,2026-07,40.14,exp_smoothing,11
SUC002,Ciudad de México Sur,Carne de Cerdo,2026-02,22.85,exp_smoothing,12
SUC002,Ciudad de México Sur,Carne de Cerdo,2026-03,23.95,exp_smoothing,12
SUC002,Ciudad de México Sur,Carne de Cerdo,2026-04,25.06,exp_smoothing,12
SUC002,Ciudad de México Sur,Carne de Cerdo,2026-05,26.16,exp_smoothing,12
SUC002,Ciudad de México Sur,Carne de Cerdo,2026-06,27.27,exp_smoothing,12
SUC002,Ciudad de México Sur,Carne de Cerdo,2026-07,28.37,exp_smoothing,12
SUC002,Ciudad de México Sur,Carne de Res,2026-02,4.9,exp_smoothing,12
SUC002,Ciudad de México Sur,Carne de Res,2026-03,1.86,exp_smoothing,12
SUC002,Ciudad de México Sur,Carne de Res,2026-04,0.0,exp_smoothing,12
SUC002,Ciudad de México Sur,Carne de Res,2026-05,0.0,exp_smoothing,12
SUC002,Ciudad de México Sur,Carne de Res,2026-06,0.0,exp_smoothing,12
SUC002,Ciudad de México Sur,Carne de Res,2026-07,0.0,exp_smoothing,12
SUC002,Ciudad de México Sur,Cerveza,2026-02,21.87,exp_smoothing,11
SUC002,Ciudad de México Sur,Cerveza,2026-03,23.93,exp_smoothing,11
SUC002,Ciudad de México Sur,Cerveza,2026-04,25.98,exp_smoothing,11
SUC002,Ciudad de México Sur,Cerveza,2026-05,28.04,exp_smoothing,11
SUC002,Ciudad de México Sur,Cerveza,2026-06,30.09,exp_smoothing,11
SUC002,Ciudad de México Sur,Cerveza,2026-07,32.15,exp_smoothing,11
SUC002,Ciudad de México Sur,Cilantro,2026-01,21.93,exp_smoothing,10
SUC002,Ciudad de México Sur,Cilantro,2026-02,21.68,exp_smoothing,10
SUC002,Ciudad de México Sur,Cilantro,2026-03,21.44,exp_smoothing,10
SUC002,Ciudad de México Sur,Cilantro,2026-04,21.19,exp_smoothing,10
SUC002,Ciudad de México Sur,Cilantro,2026-05,20.94,exp_smoothing,10
SUC002,Ciudad de México Sur,Cilantro,2026-06,20.69,exp_smoothing,10
SUC002,Ciudad de México Sur,Frijoles,2026-02,104.3,exp_smoothing,12
SUC002,Ciudad de México Sur,Frijoles,2026-03,112.61,exp_smoothing,12
SUC002,Ciudad de México Sur,Frijoles,2026-04,120.91,exp_smoothing,12
SUC002,Ciudad de México Sur,Frijoles,2026-05,129.22,exp_smoothing,12
SUC002,Ciudad de México Sur,Frijoles,2026-06,137.52,exp_smoothing,12
SUC002,Ciudad de México Sur,Frijoles,2026-07,145.83,exp_smoothing,12
SUC002,Ciudad de México Sur,Limón,2026-01,69.11,exp_smoothing,11
SUC002,Ciudad de México Sur,Limón,2026-02,74.93,exp_smoothing,11
SUC002,Ciudad de México Sur,Limón,2026-03,80.75,exp_smoothing,11
SUC002,Ciudad de México Sur,Limón,2026-04,86.57,exp_smoothing,11
SUC002,Ciudad de México Sur,Limón,2026-05,92.39,exp_smoothing,11
SUC002,Ciudad de México Sur,Limón,2026-06,98.21,exp_smoothing,11
SUC002,Ciudad de México Sur,Queso Fresco,2026-02,18.97,exp_smoothing,9
SUC002,Ciudad de México Sur,Queso Fresco,2026-03,18.66,exp_smoothing,9
SUC002,Ciudad de México Sur,Queso Fresco,2026-04,18.34,exp_smoothing,9
SUC002,Ciudad de México Sur,Queso Fresco,2026-05,18.02,exp_smoothing,9
SUC002,Ciudad de México Sur,Queso Fresco,2026-06,17.71,exp_smoothing,9
SUC002,Ciudad de México Sur,Queso Fresco,2026-07,17.39,exp_smoothing,9
SUC002,Ciudad de México Sur,Refrescos,2026-01,36.14,exp_smoothing,10
SUC002,Ciudad de México Sur,Refrescos,2026-02,38.17,exp_smoothing,10
SUC002,Ciudad de México Sur,Refrescos,2026-03,40.2,exp_smoothing,10
SUC002,Ciudad de México Sur,Refrescos,2026-04,42.22,exp_smoothing,10
SUC002,Ciudad de México Sur,Refrescos,2026-05,44.25,exp_smoothing,10
SUC002,Ciudad de México Sur,Refrescos,2026-06,46.28,exp_smoothing,10
SUC002,Ciudad de México Sur,Salsa Roja,2026-02,47.31,exp_smoothing,11
SUC002,Ciudad de México Sur,Salsa Roja,2026-03,49.39,exp_smoothing,11
SUC002,Ciudad de México Sur,Salsa Roja,2026-04,51.47,exp_smoothing,11
SUC002,Ciudad de México Sur,Salsa Roja,2026-05,53.56,exp_smoothing,11
SUC002,Ciudad de México Sur,Salsa Roja,2026-06,55.64,exp_smoothing,11
SUC002,Ciudad de México Sur,Salsa Roja,2026-07,57.72,exp_smoothing,11
SUC002,Ciudad de México Sur,Salsa Verde,2026-02,15.8,exp_smoothing,6
SUC002,Ciudad de México Sur,Salsa Verde,2026-03,16.6,exp_smoothing,6
SUC002,Ciudad de México Sur,Salsa Verde,2026-04,17.4,exp_smoothing,6
SUC002,Ciudad de México Sur,Salsa Verde,2026-05,18.2,exp_smoothing,6
SUC002,Ciudad de México Sur,Salsa Verde,2026-06,19.0,exp_smoothing,6
SUC002,Ciudad de México Sur,Salsa Verde,2026-07,19.8,exp_smoothing,6
SUC002,Ciudad de México Sur,Tequila,2026-02,23.08,exp_smoothing,9
SUC002,Ciudad de México Sur,Tequila,2026-03,20.57,exp_smoothing,9
SUC002,Ciudad de México Sur,Tequila,2026-04,18.05,exp_smoothing,9
SUC002,Ciudad de México Sur,Tequila,2026-05,15.53,exp_smoothing,9
SUC002,Ciudad de México Sur,Tequila,2026-06,13.02,exp_smoothing,9
SUC002,Ciudad de México Sur,Tequila,2026-07,10.5,exp_smoothing,9
SUC003,Guadalajara,Aceite,2025-12,6.58,exp_smoothing,9
SUC003,Guadalajara,Aceite,2026-01,4.5,exp_smoothing,9
SUC003,Guadalajara,Aceite,2026-02,2.42,exp_smoothing,9
SUC003,Guadalajara,Aceite,2026-03,0.33,exp_smoothing,9
SUC003,Guadalajara,Aceite,2026-04,0.0,exp_smoothing,9
SUC003,Guadalajara,Aceite,2026-05,0.0,exp_smoothing,9
SUC003,Guadalajara,Carne de Cerdo,2026-02,70.18,exp_smoothing,12
SUC003,Guadalajara,Carne de Cerdo,2026-03,72.36,exp_smoothing,12
SUC003,Guadalajara,Carne de Cerdo,2026-04,74.55,exp_smoothing,12
SUC003,Guadalajara,Carne de Cerdo,2026-05,76.73,exp_smoothing,12
SUC003,Guadalajara,Carne de Cerdo,2026-06,78.91,exp_smoothing,12
SUC003,Guadalajara,Carne de Cerdo,2026-07,81.09,exp_smoothing,12
SUC003,Guadalajara,Carne de Res,2026-02,3.36,exp_smoothing,12
SUC003,Guadalajara,Carne de Res,2026-03,1.23,exp_smoothing,12
SUC003,Guadalajara,Carne de Res,2026-04,0.0,exp_smoothing,12
SUC003,Guadalajara,Carne de Res,2026-05,0.0,exp_smoothing,12
SUC003,Guadalajara,Carne de Res,2026-06,0.0,exp_smoothing,12
SUC003,Guadalajara,Carne de Res,2026-07,0.0,exp_smoothing,12
SUC003,Guadalajara,Cerveza,2026-02,8.14,exp_smoothing,12
SUC003,Guadalajara,Cerveza,2026-03,5.0,exp_smoothing,12
SUC003,Guadalajara,Cerveza,2026-04,1.87,exp_smoothing,12
SUC003,Guadalajara,Cerveza,2026-05,0.0,exp_smoothing,12
SUC003,Guadalajara,Cerveza,2026-06,0.0,exp_smoothing,12
SUC003,Guadalajara,Cerveza,2026-07,0.0,exp_smoothing,12
SUC003,Guadalajara,Cilantro,2026-02,21.47,exp_smoothing,12
SUC003,Guadalajara,Cilantro,2026-03,19.22,exp_smoothing,12
SUC003,Guadalajara,Cilantro,2026-04,16.97,exp_smoothing,12
SUC003,Guadalajara,Cilantro,2026-05,14.72,exp_smoothing,12
SUC003,Guadalajara,Cilantro,2026-06,12.48,exp_smoothing,12
SUC003,Guadalajara,Cilantro,2026-07,10.23,exp_smoothing,12
SUC003,Guadalajara,Frijoles,2026-02,29.25,exp_smoothing,11
SUC003,Guadalajara,Frijoles,2026-03,28.87,exp_smoothing,11
SUC003,Guadalajara,Frijoles,2026-04,28.49,exp_smoothing,11
SUC003,Guadalajara,Frijoles,2026-05,28.11,exp_smoothing,11
SUC003,Guadalajara,Frijoles,2026-06,27.73,exp_smoothing,11
SUC003,Guadalajara,Frijoles,2026-07,27.35,exp_smoothing,11
SUC003,Guadalajara,Limón,2026-02,14.09,exp_smoothing,11
SUC003,Guadalajara,Limón,2026-03,14.55,exp_smoothing,11
SUC003,Guadalajara,Limón,2026-04,15.0,exp_smoothing,11
SUC003,Guadalajara,Limón,2026-05,15.45,exp_smoothing,11
SUC003,Guadalajara,Limón,2026-06,15.91,exp_smoothing,11
SUC003,Guadalajara,Limón,2026-07,16.36,exp_smoothing,11
SUC003,Guadalajara,Queso Fresco,2025-11,51.15,exp_smoothing,8
SUC003,Guadalajara,Queso Fresco,2025-12,62.4,exp_smoothing,8
SUC003,Guadalajara,Queso Fresco,2026-01,73.64,exp_smoothing,8
SUC003,Guadalajara,Queso Fresco,2026-02,84.89,exp_smoothing,8
SUC003,Guadalajara,Queso Fresco,2026-03,96.14,exp_smoothing,8
SUC003,Guadalajara,Queso Fresco,2026-04,107.39,exp_smoothing,8
SUC003,Guadalajara,Refrescos,2025-12,18.14,exp_smoothing,7
SUC003,Guadalajara,Refrescos,2026-01,17.61,exp_smoothing,7
SUC003,Guadalajara,Refrescos,2026-02,17.07,exp_smoothing,7
SUC003,Guadalajara,Refrescos,2026-03,16.54,exp_smoothing,7
SUC003,Guadalajara,Refrescos,2026-04,16.0,exp_smoothing,7
SUC003,Guadalajara,Refrescos,2026-05,15.46,exp_smoothing,7
SUC003,Guadalajara,Salsa Roja,2025-11,11.28,exp_smoothing,8
SUC003,Guadalajara,Salsa Roja,2025-12,7.57,exp_smoothing,8
SUC003,Guadalajara,Salsa Roja,2026-01,3.85,exp_smoothing,8
SUC003,Guadalajara,Salsa Roja,2026-02,0.13,exp_smoothing,8
SUC003,Guadalajara,Salsa Roja,2026-03,0.0,exp_smoothing,8
SUC003,Guadalajara,Salsa Roja,2026-04,0.0,exp_smoothing,8
SUC003,Guadalajara,Salsa Verde,2025-09,30.71,exp_smoothing,7
SUC003,Guadalajara,Salsa Verde,2025-10,33.46,exp_smoothing,7
SUC003,Guadalajara,Salsa Verde,2025-11,36.21,exp_smoothing,7
SUC003,Guadalajara,Salsa Verde,2025-12,38.96,exp_smoothing,7
SUC003,Guadalajara,Salsa Verde,2026-01,41.71,exp_smoothing,7
SUC003,Guadalajara,Salsa Verde,2026-02,44.46,exp_smoothing,7
SUC003,Guadalajara,Tequila,2025-11,35.29,exp_smoothing,7
SUC003,Guadalajara,Tequila,2025-12,38.25,exp_smoothing,7
SUC003,Guadalajara,Tequila,2026-01,41.21,exp_smoothing,7
SUC003,Guadalajara,Tequila,2026-02,44.18,exp_smoothing,7
SUC003,Guadalajara,Tequila,2026-03,47.14,exp_smoothing,7
SUC003,Guadalajara,Tequila,2026-04,50.11,exp_smoothing,7
SUC004,Monterrey,Aceite,2026-02,5.89,exp_smoothing,11
SUC004,Monterrey,Aceite,2026-03,3.15,exp_smoothing,11
SUC004,Monterrey,Aceite,2026-04,0.4,exp_smoothing,11
SUC004,Monterrey,Aceite,2026-05,0.0,exp_smoothing,11
SUC004,Monterrey,Aceite,2026-06,0.0,exp_smoothing,11
SUC004,Monterrey,Aceite,2026-07,0.0,exp_smoothing,11
SUC004,Monterrey,Carne de Cerdo,2026-02,45.24,exp_smoothing,12
SUC004,Monterrey,Carne de Cerdo,2026-03,47.99,exp_smoothing,12
SUC004,Monterrey,Carne de Cerdo,2026-04,50.75,exp_smoothing,12
SUC004,Monterrey,Carne de Cerdo,2026-05,53.5,exp_smoothing,12
SUC004,Monterrey,Carne de Cerdo,2026-06,56.25,exp_smoothing,12
SUC004,Monterrey,Carne de Cerdo,2026-07,59.01,exp_smoothing,12
SUC004,Monterrey,Carne de Res,2026-02,53.8,exp_smoothing,12
SUC004,Monterrey,Carne de Res,2026-03,57.79,exp_smoothing,12
SUC004,Monterrey,Carne de Res,2026-04,61.77,exp_smoothing,12
SUC004,Monterrey,Carne de Res,2026-05,65.75,exp_smoothing,12
SUC004,Monterrey,Carne de Res,2026-06,69.73,exp_smoothing,12
SUC004,Monterrey,Carne de Res,2026-07,73.72,exp_smoothing,12
SUC004,Monterrey,Cerveza,2026-02,20.0,exp_smoothing,11
SUC004,Monterrey,Cerveza,2026-03,17.23,exp_smoothing,11
SUC004,Monterrey,Cerveza,2026-04,14.45,exp_smoothing,11
SUC004,Monterrey,Cerveza,2026-05,11.68,exp_smoothing,11
SUC004,Monterrey,Cerveza,2026-06,8.91,exp_smoothing,11
SUC004,Monterrey,Cerveza,2026-07,6.14,exp_smoothing,11
SUC004,Monterrey,Cilantro,2026-02,78.73,exp_smoothing,12
SUC004,Monterrey,Cilantro,2026-03,82.46,exp_smoothing,12
SUC004,Monterrey,Cilantro,2026-04,86.18,exp_smoothing,12
SUC004,Monterrey,Cilantro,2026-05,89.91,exp_smoothing,12
SUC004,Monterrey,Cilantro,2026-06,93.64,exp_smoothing,12
SUC004,Monterrey,Cilantro,2026-07,97.37,exp_smoothing,12
SUC004,Monterrey,Frijoles,2026-01,2.33,exp_smoothing,9
SUC004,Monterrey,Frijoles,2026-02,0.0,exp_smoothing,9
SUC004,Monterrey,Frijoles,2026-03,0.0,exp_smoothing,9
SUC004,Monterrey,Frijoles,2026-04,0.0,exp_smoothing,9
SUC004,Monterrey,Frijoles,2026-05,0.0,exp_smoothing,9
SUC004,Monterrey,Frijoles,2026-06,0.0,exp_smoothing,9
SUC004,Monterrey,Limón,2026-01,55.09,exp_smoothing,11
SUC004,Monterrey,Limón,2026-02,58.86,exp_smoothing,11
SUC004,Monterrey,Limón,2026-03,62.63,exp_smoothing,11
SUC004,Monterrey,Limón,2026-04,66.41,exp_smoothing,11
SUC004,Monterrey,Limón,2026-05,70.18,exp_smoothing,11
SUC004,Monterrey,Limón,2026-06,73.95,exp_smoothing,11
SUC004,Monterrey,Queso Fresco,2026-02,76.83,exp_smoothing,12
SUC004,Monterrey,Queso Fresco,2026-03,80.66,exp_smoothing,12
SUC004,Monterrey,Queso Fresco,2026-04,84.49,exp_smoothing,12
SUC004,Monterrey,Queso Fresco,2026-05,88.33,exp_smoothing,12
SUC004,Monterrey,Queso Fresco,2026-06,92.16,exp_smoothing,12
SUC004,Monterrey,Queso Fresco,2026-07,95.99,exp_smoothing,12
SUC004,Monterrey,Refrescos,2025-11,65.0,exp_smoothing,9
SUC004,Monterrey,Refrescos,2025-12,69.33,exp_smoothing,9
SUC004,Monterrey,Refrescos,2026-01,73.67,exp_smoothing,9
SUC004,Monterrey,Refrescos,2026-02,78.0,exp_smoothing,9
SUC004,Monterrey,Refrescos,2026-03,82.33,exp_smoothing,9
SUC004,Monterrey,Refrescos,2026-04,86.67,exp_smoothing,9
SUC004,Monterrey,Salsa Roja,2026-02,32.61,exp_smoothing,12
SUC004,Monterrey,Salsa Roja,2026-03,32.96,exp_smoothing,12
SUC004,Monterrey,Salsa Roja,2026-04,33.31,exp_smoothing,12
SUC004,Monterrey,Salsa Roja,2026-05,33.66,exp_smoothing,12
SUC004,Monterrey,Salsa Roja,2026-06,34.01,exp_smoothing,12
SUC004,Monterrey,Salsa Roja,2026-07,34.36,exp_smoothing,12
SUC004,Monterrey,Salsa Verde,2026-02,34.82,exp_smoothing,12
SUC004,Monterrey,Salsa Verde,2026-03,36.17,exp_smoothing,12
SUC004,Monterrey,Salsa Verde,2026-04,37.53,exp_smoothing,12
SUC004,Monterrey,Salsa Verde,2026-05,38.89,exp_smoothing,12
SUC004,Monterrey,Salsa Verde,2026-06,40.24,exp_smoothing,12
SUC004,Monterrey,Salsa Verde,2026-07,41.6,exp_smoothing,12
SUC004,Monterrey,Tequila,2026-02,153.4,exp_smoothing,12
SUC004,Monterrey,Tequila,2026-03,198.07,exp_smoothing,12
SUC004,Monterrey,Tequila,2026-04,242.73,exp_smoothing,12
SUC004,Monterrey,Tequila,2026-05,287.4,exp_smoothing,12
SUC004,Monterrey,Tequila,2026-06,332.07,exp_smoothing,12
SUC004,Monterrey,Tequila,2026-07,376.73,exp_smoothing,12
SUC005,Puebla,Aceite,2026-01,24.51,exp_smoothing,11
SUC005,Puebla,Aceite,2026-02,24.56,exp_smoothing,11
SUC005,Puebla,Aceite,2026-03,24.62,exp_smoothing,11
SUC005,Puebla,Aceite,2026-04,24.67,exp_smoothing,11
SUC005,Puebla,Aceite,2026-05,24.73,exp_smoothing,11
SUC005,Puebla,Aceite,2026-06,24.78,exp_smoothing,11
SUC005,Puebla,Carne de Cerdo,2026-02,21.13,exp_smoothing,10
SUC005,Puebla,Carne de Cerdo,2026-03,20.19,exp_smoothing,10
SUC005,Puebla,Carne de Cerdo,2026-04,19.25,exp_smoothing,10
SUC005,Puebla,Carne de Cerdo,2026-05,18.32,exp_smoothing,10
SUC005,Puebla,Carne de Cerdo,2026-06,17.38,exp_smoothing,10
SUC005,Puebla,Carne de Cerdo,2026-07,16.44,exp_smoothing,10
SUC005,Puebla,Carne de Res,2025-10,130.04,exp_smoothing,8
SUC005,Puebla,Carne de Res,2025-11,182.94,exp_smoothing,8
SUC005,Puebla,Carne de Res,2025-12,235.85,exp_smoothing,8
SUC005,Puebla,Carne de Res,2026-01,288.75,exp_smoothing,8
SUC005,Puebla,Carne de Res,2026-02,341.65,exp_smoothing,8
SUC005,Puebla,Carne de Res,2026-03,394.56,exp_smoothing,8
SUC005,Puebla,Cerveza,2026-02,8.36,exp_smoothing,11
SUC005,Puebla,Cerveza,2026-03,5.05,exp_smoothing,11
SUC005,Puebla,Cerveza,2026-04,1.73,exp_smoothing,11
SUC005,Puebla,Cerveza,2026-05,0.0,exp_smoothing,11
SUC005,Puebla,Cerveza,2026-06,0.0,exp_smoothing,11
SUC005,Puebla,Cerveza,2026-07,0.0,exp_smoothing,11
SUC005,Puebla,Cilantro,2026-02,16.19,exp_smoothing,10
SUC005,Puebla,Cilantro,2026-03,15.19,exp_smoothing,10
SUC005,Puebla,Cilantro,2026-04,14.19,exp_smoothing,10
SUC005,Puebla,Cilantro,2026-05,13.18,exp_smoothing,10
SUC005,Puebla,Cilantro,2026-06,12.18,exp_smoothing,10
SUC005,Puebla,Cilantro,2026-07,11.18,exp_smoothing,10
SUC005,Puebla,Frijoles,2025-12,0.0,exp_smoothing,5
SUC005,Puebla,Frijoles,2026-01,0.0,exp_smoothing,5
SUC005,Puebla,Frijoles,2026-02,0.0,exp_smoothing,5
SUC005,Puebla,Frijoles,2026-03,0.0,exp_smoothing,5
SUC005,Puebla,Frijoles,2026-04,0.0,exp_smoothing,5
SUC005,Puebla,Frijoles,2026-05,0.0,exp_smoothing,5
SUC005,Puebla,Limón,2025-12,24.27,exp_smoothing,10
SUC005,Puebla,Limón,2026-01,24.16,exp_smoothing,10
SUC005,Puebla,Limón,2026-02,24.05,exp_smoothing,10
SUC005,Puebla,Limón,2026-03,23.93,exp_smoothing,10
SUC005,Puebla,Limón,2026-04,23.82,exp_smoothing,10
SUC005,Puebla,Limón,2026-05,23.71,exp_smoothing,10
SUC005,Puebla,Queso Fresco,2026-01,40.6,exp_smoothing,5
SUC005,Puebla,Queso Fresco,2026-02,45.8,exp_smoothing,5
SUC005,Puebla,Queso Fresco,2026-03,51.0,exp_smoothing,5
SUC005,Puebla,Queso Fresco,2026-04,56.2,exp_smoothing,5
SUC005,Puebla,Queso Fresco,2026-05,61.4,exp_smoothing,5
SUC005,Puebla,Queso Fresco,2026-06,66.6,exp_smoothing,5
SUC005,Puebla,Refrescos,2025-12,1.14,exp_smoothing,7
SUC005,Puebla,Refrescos,2026-01,0.0,exp_smoothing,7
SUC005,Puebla,Refrescos,2026-02,0.0,exp_smoothing,7
SUC005,Puebla,Refrescos,2026-03,0.0,exp_smoothing,7
SUC005,Puebla,Refrescos,2026-04,0.0,exp_smoothing,7
SUC005,Puebla,Refrescos,2026-05,0.0,exp_smoothing,7
SUC005,Puebla,Salsa Roja,2025-12,6.44,exp_smoothing,9
SUC005,Puebla,Salsa Roja,2026-01,2.58,exp_smoothing,9
SUC005,Puebla,Salsa Roja,2026-02,0.0,exp_smoothing,9
SUC005,Puebla,Salsa Roja,2026-03,0.0,exp_smoothing,9
SUC005,Puebla,Salsa Roja,2026-04,0.0,exp_smoothing,9
SUC005,Puebla,Salsa Roja,2026-05,0.0,exp_smoothing,9
SUC005,Puebla,Salsa Verde,2025-11,47.22,exp_smoothing,9
SUC005,Puebla,Salsa Verde,2025-12,51.62,exp_smoothing,9
SUC005,Puebla,Salsa Verde,2026-01,56.02,exp_smoothing,9
SUC005,Puebla,Salsa Verde,2026-02,60.42,exp_smoothing,9
SUC005,Puebla,Salsa Verde,2026-03,64.82,exp_smoothing,9
SUC005,Puebla,Salsa Verde,2026-04,69.22,exp_smoothing,9
SUC005,Puebla,Tequila,2026-02,39.0,exp_smoothing,10
SUC005,Puebla,Tequila,2026-03,42.45,exp_smoothing,10
SUC005,Puebla,Tequila,2026-04,45.91,exp_smoothing,10
SUC005,Puebla,Tequila,2026-05,49.36,exp_smoothing,10
SUC005,Puebla,Tequila,2026-06,52.82,exp_smoothing,10
SUC005,Puebla,Tequila,2026-07,56.27,exp_smoothing,10
SUC006,Querétaro,Aceite,2026-01,26.21,exp_smoothing,8
SUC006,Querétaro,Aceite,2026-02,27.85,exp_smoothing,8
SUC006,Querétaro,Aceite,2026-03,29.48,exp_smoothing,8
SUC006,Querétaro,Aceite,2026-04,31.11,exp_smoothing,8
SUC006,Querétaro,Aceite,2026-05,32.74,exp_smoothing,8
SUC006,Querétaro,Aceite,2026-06,34.37,exp_smoothing,8
SUC006,Querétaro,Carne de Cerdo,2026-01,13.93,exp_smoothing,10
SUC006,Querétaro,Carne de Cerdo,2026-02,13.76,exp_smoothing,10
SUC006,Querétaro,Carne de Cerdo,2026-03,13.58,exp_smoothing,10
SUC006,Querétaro,Carne de Cerdo,2026-04,13.41,exp_smoothing,10
SUC006,Querétaro,Carne de Cerdo,2026-05,13.23,exp_smoothing,10
SUC006,Querétaro,Carne de Cerdo,2026-06,13.05,exp_smoothing,10
SUC006,Querétaro,Carne de Res,2026-02,32.0,exp_smoothing,10
SUC006,Querétaro,Carne de Res,2026-03,33.11,exp_smoothing,10
SUC006,Querétaro,Carne de Res,2026-04,34.22,exp_smoothing,10
SUC006,Querétaro,Carne de Res,2026-05,35.33,exp_smoothing,10
SUC006,Querétaro,Carne de Res,2026-06,36.44,exp_smoothing,10
SUC006,Querétaro,Carne de Res,2026-07,37.55,exp_smoothing,10
SUC006,Querétaro,Cerveza,2026-02,31.06,exp_smoothing,12
SUC006,Querétaro,Cerveza,2026-03,31.87,exp_smoothing,12
SUC006,Querétaro,Cerveza,2026-04,32.67,exp_smoothing,12
SUC006,Querétaro,Cerveza,2026-05,33.48,exp_smoothing,12
SUC006,Querétaro,Cerveza,2026-06,34.28,exp_smoothing,12
SUC006,Querétaro,Cerveza,2026-07,35.09,exp_smoothing,12
SUC006,Querétaro,Cilantro,2026-02,45.17,exp_smoothing,12
SUC006,Querétaro,Cilantro,2026-03,48.32,exp_smoothing,12
SUC006,Querétaro,Cilantro,2026-04,51.47,exp_smoothing,12
SUC006,Querétaro,Cilantro,2026-05,54.63,exp_smoothing,12
SUC006,Querétaro,Cilantro,2026-06,57.78,exp_smoothing,12
SUC006,Querétaro,Cilantro,2026-07,60.94,exp_smoothing,12
SUC006,Querétaro,Frijoles,2025-11,74.0,exp_smoothing,9
SUC006,Querétaro,Frijoles,2025-12,111.0,exp_smoothing,9
SUC006,Querétaro,Frijoles,2026-01,148.0,exp_smoothing,9
SUC006,Querétaro,Frijoles,2026-02,185.0,exp_smoothing,9
SUC006,Querétaro,Frijoles,2026-03,222.0,exp_smoothing,9
SUC006,Querétaro,Frijoles,2026-04,259.0,exp_smoothing,9
SUC006,Querétaro,Limón,2026-02,22.94,exp_smoothing,10
SUC006,Querétaro,Limón,2026-03,23.62,exp_smoothing,10
SUC006,Querétaro,Limón,2026-04,24.29,exp_smoothing,10
SUC006,Querétaro,Limón,2026-05,24.97,exp_smoothing,10
SUC006,Querétaro,Limón,2026-06,25.65,exp_smoothing,10
SUC006,Querétaro,Limón,2026-07,26.33,exp_smoothing,10
SUC006,Querétaro,Queso Fresco,2026-02,9.15,exp_smoothing,12
SUC006,Querétaro,Queso Fresco,2026-03,7.97,exp_smoothing,12
SUC006,Querétaro,Queso Fresco,2026-04,6.79,exp_smoothing,12
SUC006,Querétaro,Queso Fresco,2026-05,5.61,exp_smoothing,12
SUC006,Querétaro,Queso Fresco,2026-06,4.42,exp_smoothing,12
SUC006,Querétaro,Queso Fresco,2026-07,3.24,exp_smoothing,12
SUC006,Querétaro,Refrescos,2025-12,52.39,exp_smoothing,10
SUC006,Querétaro,Refrescos,2026-01,57.67,exp_smoothing,10
SUC006,Querétaro,Refrescos,2026-02,62.96,exp_smoothing,10
SUC006,Querétaro,Refrescos,2026-03,68.25,exp_smoothing,10
SUC006,Querétaro,Refrescos,2026-04,73.53,exp_smoothing,10
SUC006,Querétaro,Refrescos,2026-05,78.82,exp_smoothing,10
SUC006,Querétaro,Salsa Roja,2026-01,3.43,exp_smoothing,7
SUC006,Querétaro,Salsa Roja,2026-02,0.0,exp_smoothing,7
SUC006,Querétaro,Salsa Roja,2026-03,0.0,exp_smoothing,7
SUC006,Querétaro,Salsa Roja,2026-04,0.0,exp_smoothing,7
SUC006,Querétaro,Salsa Roja,2026-05,0.0,exp_smoothing,7
SUC006,Querétaro,Salsa Roja,2026-06,0.0,exp_smoothing,7
SUC006,Querétaro,Salsa Verde,2026-02,25.23,exp_smoothing,12
SUC006,Querétaro,Salsa Verde,2026-03,24.8,exp_smoothing,12
SUC006,Querétaro,Salsa Verde,2026-04,24.37,exp_smoothing,12
SUC006,Querétaro,Salsa Verde,2026-05,23.95,exp_smoothing,12
SUC006,Querétaro,Salsa Verde,2026-06,23.52,exp_smoothing,12
SUC006,Querétaro,Salsa Verde,2026-07,23.09,exp_smoothing,12
SUC006,Querétaro,Tequila,2025-12,74.45,exp_smoothing,9
SUC006,Querétaro,Tequila,2026-01,95.31,exp_smoothing,9
SUC006,Querétaro,Tequila,2026-02,116.18,exp_smoothing,9
SUC006,Querétaro,Tequila,2026-03,137.04,exp_smoothing,9
SUC006,Querétaro,Tequila,2026-04,157.91,exp_smoothing,9
SUC006,Querétaro,Tequila,2026-05,178.77,exp_smoothing,9
SUC007,Cancún,Aceite,2026-02,22.45,exp_smoothing,11
SUC007,Cancún,Aceite,2026-03,21.09,exp_smoothing,11
SUC007,Cancún,Aceite,2026-04,19.73,exp_smoothing,11
SUC007,Cancún,Aceite,2026-05,18.36,exp_smoothing,11
SUC007,Cancún,Aceite,2026-06,17.0,exp_smoothing,11
SUC007,Cancún,Aceite,2026-07,15.64,exp_smoothing,11
SUC007,Cancún,Carne de Cerdo,2026-02,18.22,exp_smoothing,11
SUC007,Cancún,Carne de Cerdo,2026-03,17.48,exp_smoothing,11
SUC007,Cancún,Carne de Cerdo,2026-04,16.75,exp_smoothing,11
SUC007,Cancún,Carne de Cerdo,2026-05,16.01,exp_smoothing,11
SUC007,Cancún,Carne de Cerdo,2026-06,15.27,exp_smoothing,11
SUC007,Cancún,Carne de Cerdo,2026-07,14.54,exp_smoothing,11
SUC007,Cancún,Carne de Res,2026-02,19.3,exp_smoothing,12
SUC007,Cancún,Carne de Res,2026-03,18.29,exp_smoothing,12
SUC007,Cancún,Carne de Res,2026-04,17.27,exp_smoothing,12
SUC007,Cancún,Carne de Res,2026-05,16.25,exp_smoothing,12
SUC007,Cancún,Carne de Res,2026-06,15.23,exp_smoothing,12
SUC007,Cancún,Carne de Res,2026-07,14.22,exp_smoothing,12
SUC007,Cancún,Cerveza,2025-11,0.0,exp_smoothing,4
SUC007,Cancún,Cerveza,2025-12,0.0,exp_smoothing,4
SUC007,Cancún,Cerveza,2026-01,0.0,exp_smoothing,4
SUC007,Cancún,Cerveza,2026-02,0.0,exp_smoothing,4
SUC007,Cancún,Cerveza,2026-03,0.0,exp_smoothing,4
SUC007,Cancún,Cerveza,2026-04,0.0,exp_smoothing,4
SUC007,Cancún,Cilantro,2025-09,27.43,exp_smoothing,7
SUC007,Cancún,Cilantro,2025-10,29.57,exp_smoothing,7
SUC007,Cancún,Cilantro,2025-11,31.71,exp_smoothing,7
SUC007,Cancún,Cilantro,2025-12,33.86,exp_smoothing,7
SUC007,Cancún,Cilantro,2026-01,36.0,exp_smoothing,7
SUC007,Cancún,Cilantro,2026-02,38.14,exp_smoothing,7
SUC007,Cancún,Frijoles,2026-01,0.0,exp_smoothing,10
SUC007,Cancún,Frijoles,2026-02,0.0,exp_smoothing,10
SUC007,Cancún,Frijoles,2026-03,0.0,exp_smoothing,10
SUC007,Cancún,Frijoles,2026-04,0.0,exp_smoothing,10
SUC007,Cancún,Frijoles,2026-05,0.0,exp_smoothing,10
SUC007,Cancún,Frijoles,2026-06,0.0,exp_smoothing,10
SUC007,Cancún,Limón,2026-02,55.41,exp_smoothing,12
SUC007,Cancún,Limón,2026-03,59.4,exp_smoothing,12
SUC007,Cancún,Limón,2026-04,63.38,exp_smoothing,12
SUC007,Cancún,Limón,2026-05,67.37,exp_smoothing,12
SUC007,Cancún,Limón,2026-06,71.35,exp_smoothing,12
SUC007,Cancún,Limón,2026-07,75.34,exp_smoothing,12
SUC007,Cancún,Queso Fresco,2026-02,12.49,exp_smoothing,11
SUC007,Cancún,Queso Fresco,2026-03,11.71,exp_smoothing,11
SUC007,Cancún,Queso Fresco,2026-04,10.93,exp_smoothing,11
SUC007,Cancún,Queso Fresco,2026-05,10.15,exp_smoothing,11
SUC007,Cancún,Queso Fresco,2026-06,9.36,exp_smoothing,11
SUC007,Cancún,Queso Fresco,2026-07,8.58,exp_smoothing,11
SUC007,Cancún,Refrescos,2026-01,8.47,exp_smoothing,10
SUC007,Cancún,Refrescos,2026-02,6.66,exp_smoothing,10
SUC007,Cancún,Refrescos,2026-03,4.85,exp_smoothing,10
SUC007,Cancún,Refrescos,2026-04,3.05,exp_smoothing,10
SUC007,Cancún,Refrescos,2026-05,1.24,exp_smoothing,10
SUC007,Cancún,Refrescos,2026-06,0.0,exp_smoothing,10
SUC007,Cancún,Salsa Roja,2026-02,49.11,exp_smoothing,12
SUC007,Cancún,Salsa Roja,2026-03,53.26,exp_smoothing,12
SUC007,Cancún,Salsa Roja,2026-04,57.42,exp_smoothing,12
SUC007,Cancún,Salsa Roja,2026-05,61.58,exp_smoothing,12
SUC007,Cancún,Salsa Roja,2026-06,65.74,exp_smoothing,12
SUC007,Cancún,Salsa Roja,2026-07,69.89,exp_smoothing,12
SUC007,Cancún,Salsa Verde,2026-02,21.54,exp_smoothing,8
SUC007,Cancún,Salsa Verde,2026-03,17.24,exp_smoothing,8
SUC007,Cancún,Salsa Verde,2026-04,12.94,exp_smoothing,8
SUC007,Cancún,Salsa Verde,2026-05,8.64,exp_smoothing,8
SUC007,Cancún,Salsa Verde,2026-06,4.35,exp_smoothing,8
SUC007,Cancún,Salsa Verde,2026-07,0.05,exp_smoothing,8
SUC007,Cancún,Tequila,2026-02,39.02,exp_smoothing,8
SUC007,Cancún,Tequila,2026-03,49.26,exp_smoothing,8
SUC007,Cancún,Tequila,2026-04,59.5,exp_smoothing,8
SUC007,Cancún,Tequila,2026-05,69.74,exp_smoothing,8
SUC007,Cancún,Tequila,2026-06,79.98,exp_smoothing,8
SUC007,Cancún,Tequila,2026-07,90.22,exp_smoothing,8
SUC008,Mérida,Aceite,2026-01,21.33,exp_smoothing,11
SUC008,Mérida,Aceite,2026-02,20.03,exp_smoothing,11
SUC008,Mérida,Aceite,2026-03,18.72,exp_smoothing,11
SUC008,Mérida,Aceite,2026-04,17.41,exp_smoothing,11
SUC008,Mérida,Aceite,2026-05,16.1,exp_smoothing,11
SUC008,Mérida,Aceite,2026-06,14.8,exp_smoothing,11
SUC008,Mérida,Carne de Cerdo,2026-02,7.73,exp_smoothing,12
SUC008,Mérida,Carne de Cerdo,2026-03,6.45,exp_smoothing,12
SUC008,Mérida,Carne de Cerdo,2026-04,5.18,exp_smoothing,12
SUC008,Mérida,Carne de Cerdo,2026-05,3.91,exp_smoothing,12
SUC008,Mérida,Carne de Cerdo,2026-06,2.64,exp_smoothing,12
SUC008,Mérida,Carne de Cerdo,2026-07,1.36,exp_smoothing,12
SUC008,Mérida,Carne de Res,2025-12,0.0,exp_smoothing,9
SUC008,Mérida,Carne de Res,2026-01,0.0,exp_smoothing,9
SUC008,Mérida,Carne de Res,2026-02,0.0,exp_smoothing,9
SUC008,Mérida,Carne de Res,2026-03,0.0,exp_smoothing,9
SUC008,Mérida,Carne de Res,2026-04,0.0,exp_smoothing,9
SUC008,Mérida,Carne de Res,2026-05,0.0,exp_smoothing,9
SUC008,Mérida,Cerveza,2025-09,44.0,exp_smoothing,4
SUC008,Mérida,Cerveza,2025-10,45.8,exp_smoothing,4
SUC008,Mérida,Cerveza,2025-11,47.6,exp_smoothing,4
SUC008,Mérida,Cerveza,2025-12,49.4,exp_smoothing,4
SUC008,Mérida,Cerveza,2026-01,51.2,exp_smoothing,4
SUC008,Mérida,Cerveza,2026-02,53.0,exp_smoothing,4
SUC008,Mérida,Cilantro,2026-02,12.19,exp_smoothing,11
SUC008,Mérida,Cilantro,2026-03,8.03,exp_smoothing,11
SUC008,Mérida,Cilantro,2026-04,3.86,exp_smoothing,11
SUC008,Mérida,Cilantro,2026-05,0.0,exp_smoothing,11
SUC008,Mérida,Cilantro,2026-06,0.0,exp_smoothing,11
SUC008,Mérida,Cilantro,2026-07,0.0,exp_smoothing,11
SUC008,Mérida,Frijoles,2026-02,28.29,exp_smoothing,11
SUC008,Mérida,Frijoles,2026-03,27.49,exp_smoothing,11
SUC008,Mérida,Frijoles,2026-04,26.69,exp_smoothing,11
SUC008,Mérida,Frijoles,2026-05,25.89,exp_smoothing,11
SUC008,Mérida,Frijoles,2026-06,25.09,exp_smoothing,11
SUC008,Mérida,Frijoles,2026-07,24.29,exp_smoothing,11
SUC008,Mérida,Limón,2026-02,27.76,exp_smoothing,12
SUC008,Mérida,Limón,2026-03,29.85,exp_smoothing,12
SUC008,Mérida,Limón,2026-04,31.94,exp_smoothing,12
SUC008,Mérida,Limón,2026-05,34.03,exp_smoothing,12
SUC008,Mérida,Limón,2026-06,36.12,exp_smoothing,12
SUC008,Mérida,Limón,2026-07,38.21,exp_smoothing,12
SUC008,Mérida,Queso Fresco,2026-02,35.13,exp_smoothing,11
SUC008,Mérida,Queso Fresco,2026-03,34.53,exp_smoothing,11
SUC008,Mérida,Queso Fresco,2026-04,33.93,exp_smoothing,11
SUC008,Mérida,Queso Fresco,2026-05,33.33,exp_smoothing,11
SUC008,Mérida,Queso Fresco,2026-06,32.73,exp_smoothing,11
SUC008,Mérida,Queso Fresco,2026-07,32.13,exp_smoothing,11
SUC008,Mérida,Refrescos,2025-12,18.89,exp_smoothing,9
SUC008,Mérida,Refrescos,2026-01,15.62,exp_smoothing,9
SUC008,Mérida,Refrescos,2026-02,12.35,exp_smoothing,9
SUC008,Mérida,Refrescos,2026-03,9.09,exp_smoothing,9
SUC008,Mérida,Refrescos,2026-04,5.82,exp_smoothing,9
SUC008,Mérida,Refrescos,2026-05,2.55,exp_smoothing,9
SUC008,Mérida,Salsa Roja,2026-01,32.56,exp_smoothing,11
SUC008,Mérida,Salsa Roja,2026-02,34.22,exp_smoothing,11
SUC008,Mérida,Salsa Roja,2026-03,35.87,exp_smoothing,11
SUC008,Mérida,Salsa Roja,2026-04,37.53,exp_smoothing,11
SUC008,Mérida,Salsa Roja,2026-05,39.18,exp_smoothing,11
SUC008,Mérida,Salsa Roja,2026-06,40.84,exp_smoothing,11
SUC008,Mérida,Salsa Verde,2026-01,26.08,exp_smoothing,9
SUC008,Mérida,Salsa Verde,2026-02,26.23,exp_smoothing,9
SUC008,Mérida,Salsa Verde,2026-03,26.38,exp_smoothing,9
SUC008,Mérida,Salsa Verde,2026-04,26.53,exp_smoothing,9
SUC008,Mérida,Salsa Verde,2026-05,26.68,exp_smoothing,9
SUC008,Mérida,Salsa Verde,2026-06,26.83,exp_smoothing,9
SUC008,Mérida,Tequila,2026-02,33.94,exp_smoothing,9
SUC008,Mérida,Tequila,2026-03,35.98,exp_smoothing,9
SUC008,Mérida,Tequila,2026-04,38.01,exp_smoothing,9
SUC008,Mérida,Tequila,2026-05,40.04,exp_smoothing,9
SUC008,Mérida,Tequila,2026-06,42.08,exp_smoothing,9
SUC008,Mérida,Tequila,2026-07,44.11,exp_smoothing,9
SUC009,Tijuana,Aceite,2026-01,45.87,exp_smoothing,10
SUC009,Tijuana,Aceite,2026-02,48.46,exp_smoothing,10
SUC009,Tijuana,Aceite,2026-03,51.05,exp_smoothing,10
SUC009,Tijuana,Aceite,2026-04,53.65,exp_smoothing,10
SUC009,Tijuana,Aceite,2026-05,56.24,exp_smoothing,10
SUC009,Tijuana,Aceite,2026-06,58.83,exp_smoothing,10
SUC009,Tijuana,Carne de Cerdo,2025-11,37.86,exp_smoothing,9
SUC009,Tijuana,Carne de Cerdo,2025-12,37.94,exp_smoothing,9
SUC009,Tijuana,Carne de Cerdo,2026-01,38.03,exp_smoothing,9
SUC009,Tijuana,Carne de Cerdo,2026-02,38.11,exp_smoothing,9
SUC009,Tijuana,Carne de Cerdo,2026-03,38.19,exp_smoothing,9
SUC009,Tijuana,Carne de Cerdo,2026-04,38.28,exp_smoothing,9
SUC009,Tijuana,Carne de Res,2026-02,0.0,exp_smoothing,11
SUC009,Tijuana,Carne de Res,2026-03,0.0,exp_smoothing,11
SUC009,Tijuana,Carne de Res,2026-04,0.0,exp_smoothing,11
SUC009,Tijuana,Carne de Res,2026-05,0.0,exp_smoothing,11
SUC009,Tijuana,Carne de Res,2026-06,0.0,exp_smoothing,11
SUC009,Tijuana,Carne de Res,2026-07,0.0,exp_smoothing,11
SUC009,Tijuana,Cerveza,2026-02,21.89,exp_smoothing,11
SUC009,Tijuana,Cerveza,2026-03,22.37,exp_smoothing,11
SUC009,Tijuana,Cerveza,2026-04,22.85,exp_smoothing,11
SUC009,Tijuana,Cerveza,2026-05,23.34,exp_smoothing,11
SUC009,Tijuana,Cerveza,2026-06,23.82,exp_smoothing,11
SUC009,Tijuana,Cerveza,2026-07,24.3,exp_smoothing,11
SUC009,Tijuana,Cilantro,2026-02,0.0,exp_smoothing,10
SUC009,Tijuana,Cilantro,2026-03,0.0,exp_smoothing,10
SUC009,Tijuana,Cilantro,2026-04,0.0,exp_smoothing,10
SUC009,Tijuana,Cilantro,2026-05,0.0,exp_smoothing,10
SUC009,Tijuana,Cilantro,2026-06,0.0,exp_smoothing,10
SUC009,Tijuana,Cilantro,2026-07,0.0,exp_smoothing,10
SUC009,Tijuana,Frijoles,2026-02,72.93,exp_smoothing,8
SUC009,Tijuana,Frijoles,2026-03,81.02,exp_smoothing,8
SUC009,Tijuana,Frijoles,2026-04,89.12,exp_smoothing,8
SUC009,Tijuana,Frijoles,2026-05,97.21,exp_smoothing,8
SUC009,Tijuana,Frijoles,2026-06,105.31,exp_smoothing,8
SUC009,Tijuana,Frijoles,2026-07,113.4,exp_smoothing,8
SUC009,Tijuana,Limón,2025-12,29.86,exp_smoothing,9
SUC009,Tijuana,Limón,2026-01,28.14,exp_smoothing,9
SUC009,Tijuana,Limón,2026-02,26.43,exp_smoothing,9
SUC009,Tijuana,Limón,2026-03,24.71,exp_smoothing,9
SUC009,Tijuana,Limón,2026-04,22.99,exp_smoothing,9
SUC009,Tijuana,Limón,2026-05,21.28,exp_smoothing,9
SUC009,Tijuana,Queso Fresco,2025-12,68.43,exp_smoothing,7
SUC009,Tijuana,Queso Fresco,2026-01,75.43,exp_smoothing,7
SUC009,Tijuana,Queso Fresco,2026-02,82.43,exp_smoothing,7
SUC009,Tijuana,Queso Fresco,2026-03,89.43,exp_smoothing,7
SUC009,Tijuana,Queso Fresco,2026-04,96.43,exp_smoothing,7
SUC009,Tijuana,Queso Fresco,2026-05,103.43,exp_smoothing,7
SUC009,Tijuana,Refrescos,2026-02,34.11,exp_smoothing,11
SUC009,Tijuana,Refrescos,2026-03,37.31,exp_smoothing,11
SUC009,Tijuana,Refrescos,2026-04,40.51,exp_smoothing,11
SUC009,Tijuana,Refrescos,2026-05,43.71,exp_smoothing,11
SUC009,Tijuana,Refrescos,2026-06,46.91,exp_smoothing,11
SUC009,Tijuana,Refrescos,2026-07,50.11,exp_smoothing,11
SUC009,Tijuana,Salsa Roja,2026-02,14.21,exp_smoothing,12
SUC009,Tijuana,Salsa Roja,2026-03,14.57,exp_smoothing,12
SUC009,Tijuana,Salsa Roja,2026-04,14.92,exp_smoothing,12
SUC009,Tijuana,Salsa Roja,2026-05,15.27,exp_smoothing,12
SUC009,Tijuana,Salsa Roja,2026-06,15.63,exp_smoothing,12
SUC009,Tijuana,Salsa Roja,2026-07,15.98,exp_smoothing,12
SUC009,Tijuana,Salsa Verde,2026-02,21.79,exp_smoothing,12
SUC009,Tijuana,Salsa Verde,2026-03,22.36,exp_smoothing,12
SUC009,Tijuana,Salsa Verde,2026-04,22.93,exp_smoothing,12
SUC009,Tijuana,Salsa Verde,2026-05,23.5,exp_smoothing,12
SUC009,Tijuana,Salsa Verde,2026-06,24.07,exp_smoothing,12
SUC009,Tijuana,Salsa Verde,2026-07,24.64,exp_smoothing,12
SUC009,Tijuana,Tequila,2026-02,55.65,exp_smoothing,8
SUC009,Tijuana,Tequila,2026-03,78.04,exp_smoothing,8
SUC009,Tijuana,Tequila,2026-04,100.43,exp_smoothing,8
SUC009,Tijuana,Tequila,2026-05,122.81,exp_smoothing,8
SUC009,Tijuana,Tequila,2026-06,145.2,exp_smoothing,8
SUC009,Tijuana,Tequila,2026-07,167.59,exp_smoothing,8
SUC010,León,Aceite,2026-02,17.5,exp_smoothing,8
SUC010,León,Aceite,2026-03,17.25,exp_smoothing,8
SUC010,León,Aceite,2026-04,17.0,exp_smoothing,8
SUC010,León,Aceite,2026-05,16.75,exp_smoothing,8
SUC010,León,Aceite,2026-06,16.5,exp_smoothing,8
SUC010,León,Aceite,2026-07,16.25,exp_smoothing,8
SUC010,León,Carne de Cerdo,2026-01,21.43,exp_smoothing,7
SUC010,León,Carne de Cerdo,2026-02,21.5,exp_smoothing,7
SUC010,León,Carne de Cerdo,2026-03,21.57,exp_smoothing,7
SUC010,León,Carne de Cerdo,2026-04,21.64,exp_smoothing,7
SUC010,León,Carne de Cerdo,2026-05,21.71,exp_smoothing,7
SUC010,León,Carne de Cerdo,2026-06,21.79,exp_smoothing,7
SUC010,León,Carne de Res,2026-01,15.67,exp_smoothing,10
SUC010,León,Carne de Res,2026-02,16.55,exp_smoothing,10
SUC010,León,Carne de Res,2026-03,17.44,exp_smoothing,10
SUC010,León,Carne de Res,2026-04,18.32,exp_smoothing,10
SUC010,León,Carne de Res,2026-05,19.21,exp_smoothing,10
SUC010,León,Carne de Res,2026-06,20.09,exp_smoothing,10
SUC010,León,Cerveza,2026-02,34.2,exp_smoothing,12
SUC010,León,Cerveza,2026-03,36.87,exp_smoothing,12
SUC010,León,Cerveza,2026-04,39.54,exp_smoothing,12
SUC010,León,Cerveza,2026-05,42.21,exp_smoothing,12
SUC010,León,Cerveza,2026-06,44.88,exp_smoothing,12
SUC010,León,Cerveza,2026-07,47.55,exp_smoothing,12
SUC010,León,Cilantro,2026-01,94.43,exp_smoothing,11
SUC010,León,Cilantro,2026-02,127.21,exp_smoothing,11
SUC010,León,Cilantro,2026-03,159.99,exp_smoothing,11
SUC010,León,Cilantro,2026-04,192.77,exp_smoothing,11
SUC010,León,Cilantro,2026-05,225.55,exp_smoothing,11
SUC010,León,Cilantro,2026-06,258.33,exp_smoothing,11
SUC010,León,Frijoles,2026-02,0.0,exp_smoothing,12
SUC010,León,Frijoles,2026-03,0.0,exp_smoothing,12
SUC010,León,Frijoles,2026-04,0.0,exp_smoothing,12
SUC010,León,Frijoles,2026-05,0.0,exp_smoothing,12
SUC010,León,Frijoles,2026-06,0.0,exp_smoothing,12
SUC010,León,Frijoles,2026-07,0.0,exp_smoothing,12
SUC010,León,Limón,2026-02,28.8,exp_smoothing,11
SUC010,León,Limón,2026-03,30.1,exp_smoothing,11
SUC010,León,Limón,2026-04,31.4,exp_smoothing,11
SUC010,León,Limón,2026-05,32.7,exp_smoothing,11
SUC010,León,Limón,2026-06,34.0,exp_smoothing,11
SUC010,León,Limón,2026-07,35.3,exp_smoothing,11
SUC010,León,Queso Fresco,2025-11,48.43,exp_smoothing,8
SUC010,León,Queso Fresco,2025-12,51.69,exp_smoothing,8
SUC010,León,Queso Fresco,2026-01,54.95,exp_smoothing,8
SUC010,León,Queso Fresco,2026-02,58.21,exp_smoothing,8
SUC010,León,Queso Fresco,2026-03,61.48,exp_smoothing,8
SUC010,León,Queso Fresco,2026-04,64.74,exp_smoothing,8
SUC010,León,Refrescos,2026-02,20.86,exp_smoothing,9
SUC010,León,Refrescos,2026-03,29.11,exp_smoothing,9
SUC010,León,Refrescos,2026-04,37.35,exp_smoothing,9
SUC010,León,Refrescos,2026-05,45.6,exp_smoothing,9
SUC010,León,Refrescos,2026-06,53.84,exp_smoothing,9
SUC010,León,Refrescos,2026-07,62.09,exp_smoothing,9
SUC010,León,Salsa Roja,2026-02,31.09,exp_smoothing,11
SUC010,León,Salsa Roja,2026-03,32.32,exp_smoothing,11
SUC010,León,Salsa Roja,2026-04,33.55,exp_smoothing,11
SUC010,León,Salsa Roja,2026-05,34.77,exp_smoothing,11
SUC010,León,Salsa Roja,2026-06,36.0,exp_smoothing,11
SUC010,León,Salsa Roja,2026-07,37.23,exp_smoothing,11
SUC010,León,Salsa Verde,2026-02,23.8,exp_smoothing,12
SUC010,León,Salsa Verde,2026-03,22.36,exp_smoothing,12
SUC010,León,Salsa Verde,2026-04,20.92,exp_smoothing,12
SUC010,León,Salsa Verde,2026-05,19.48,exp_smoothing,12
SUC010,León,Salsa Verde,2026-06,18.04,exp_smoothing,12
SUC010,León,Salsa Verde,2026-07,16.6,exp_smoothing,12
SUC010,León,Tequila,2026-02,11.18,exp_smoothing,12
SUC010,León,Tequila,2026-03,9.98,exp_smoothing,12
SUC010,León,Tequila,2026-04,8.78,exp_smoothing,12
SUC010,León,Tequila,2026-05,7.57,exp_smoothing,12
SUC010,León,Tequila,2026-06,6.37,exp_smoothing,12
SUC010,León,Tequila,2026-07,5.17,exp_smoothing,12
